{
    "depth": [
        [
            0.5714124441146851
        ]
    ],
    "im_center": [
        [
            294.0911865234375,
            194.29995727539062
        ]
    ],
    "im_axis": [
        [
            -0.9507321119308472,
            0.3100137710571289
        ]
    ],
    "im_angle": [
        [
            2.826385259628296
        ]
    ],
    "world_center": [
        [
            -0.027655070647597313,
            0.02858758717775345,
            -0.049195945262908936
        ]
    ],
    "world_axis": [
        [
            -0.9507321119308472,
            0.0,
            0.3100137710571289
        ]
    ],
    "c0": [
        [
            -0.01676303520798683,
            0.031969353556632996,
            -0.05274760723114014
        ]
    ],
    "c1": [
        [
            -0.038547106087207794,
            0.0252058207988739,
            -0.045644279569387436
        ]
    ],
    "oracle_method": "pytorch",
    "oracle_robust": null,
    "quality": [
        [
            0.0026422450318932533
        ]
    ],
    "prediction": null,
    "objf": "unknown"
}