{
    "depth": [
        [
            0.5867295861244202
        ]
    ],
    "im_center": [
        [
            338.5903015136719,
            222.14651489257812
        ]
    ],
    "im_axis": [
        [
            0.8990553617477417,
            -0.4378349483013153
        ]
    ],
    "im_angle": [
        [
            -0.45318910479545593
        ]
    ],
    "world_center": [
        [
            0.02133493311703205,
            0.013270429335534573,
            -0.019393907859921455
        ]
    ],
    "world_axis": [
        [
            0.8990553617477417,
            0.0,
            -0.4378349483013153
        ]
    ],
    "c0": [
        [
            0.008229497820138931,
            0.019378874450922012,
            -0.013011634349822998
        ]
    ],
    "c1": [
        [
            0.03444036841392517,
            0.00716198468580842,
            -0.025776181370019913
        ]
    ],
    "oracle_method": "pytorch",
    "oracle_robust": null,
    "quality": [
        [
            0.0023604955058544874
        ]
    ],
    "prediction": null,
    "objf": "unknown"
}