{
    "depth": [
        [
            0.5954626202583313
        ],
        [
            0.5953531265258789
        ],
        [
            0.5953310132026672
        ],
        [
            0.5954849720001221
        ],
        [
            0.5955628156661987
        ],
        [
            0.5955432653427124
        ],
        [
            0.5953100323677063
        ],
        [
            0.5956674814224243
        ],
        [
            0.5955439805984497
        ],
        [
            0.5956279039382935
        ]
    ],
    "im_center": [
        [
            348.6065368652344,
            254.44789123535156
        ],
        [
            348.5739440917969,
            254.36891174316406
        ],
        [
            348.6367492675781,
            254.45480346679688
        ],
        [
            348.5341796875,
            254.45217895507812
        ],
        [
            348.69964599609375,
            254.54086303710938
        ],
        [
            348.6216735839844,
            254.4479217529297
        ],
        [
            348.6458435058594,
            254.38938903808594
        ],
        [
            348.4735412597656,
            254.66983032226562
        ],
        [
            348.522705078125,
            254.6015167236328
        ],
        [
            348.60443115234375,
            254.49337768554688
        ]
    ],
    "im_axis": [
        [
            0.9891772270202637,
            0.14672596752643585
        ],
        [
            0.9891667366027832,
            0.14679661393165588
        ],
        [
            0.9891714453697205,
            0.14676496386528015
        ],
        [
            0.9891627430915833,
            0.14682358503341675
        ],
        [
            0.9891737699508667,
            0.14674897491931915
        ],
        [
            0.9891694188117981,
            0.14677855372428894
        ],
        [
            0.9891721606254578,
            0.14676010608673096
        ],
        [
            0.9891805648803711,
            0.14670361578464508
        ],
        [
            0.9892157316207886,
            0.1464661955833435
        ],
        [
            0.9891947507858276,
            0.14660754799842834
        ]
    ],
    "im_angle": [
        [
            0.14725759625434875
        ],
        [
            0.14732901751995087
        ],
        [
            0.14729700982570648
        ],
        [
            0.14735627174377441
        ],
        [
            0.14728085696697235
        ],
        [
            0.1473107635974884
        ],
        [
            0.1472921073436737
        ],
        [
            0.1472349911928177
        ],
        [
            0.14699497818946838
        ],
        [
            0.14713788032531738
        ]
    ],
    "world_center": [
        [
            0.03301307186484337,
            0.004537404980510473,
            0.0169540885835886
        ],
        [
            0.03296997770667076,
            0.0046468693763017654,
            0.016861427575349808
        ],
        [
            0.03304004669189453,
            0.0046690283343195915,
            0.016958186402916908
        ],
        [
            0.03293220326304436,
            0.004515042062848806,
            0.016959592700004578
        ],
        [
            0.033124230802059174,
            0.004437189549207687,
            0.017062410712242126
        ],
        [
            0.03303469344973564,
            0.004456770606338978,
            0.016956426203250885
        ],
        [
            0.03304915130138397,
            0.0046899872832000256,
            0.016883399337530136
        ],
        [
            0.0328734889626503,
            0.0043325298465788364,
            0.01721174083650112
        ],
        [
            0.032922472804784775,
            0.004456060007214546,
            0.01713070273399353
        ],
        [
            0.03301985561847687,
            0.004372136201709509,
            0.017010431736707687
        ]
    ],
    "world_axis": [
        [
            0.9891772270202637,
            0.0,
            0.14672596752643585
        ],
        [
            0.9891667366027832,
            0.0,
            0.14679661393165588
        ],
        [
            0.9891714453697205,
            0.0,
            0.14676496386528015
        ],
        [
            0.9891627430915833,
            0.0,
            0.14682358503341675
        ],
        [
            0.9891737699508667,
            0.0,
            0.14674897491931915
        ],
        [
            0.9891694188117981,
            0.0,
            0.14677855372428894
        ],
        [
            0.9891721606254578,
            0.0,
            0.14676010608673096
        ],
        [
            0.9891805648803711,
            0.0,
            0.14670361578464508
        ],
        [
            0.9892157316207886,
            0.0,
            0.1464661955833435
        ],
        [
            0.9891947507858276,
            0.0,
            0.14660754799842834
        ]
    ],
    "c0": [
        [
            0.018914775922894478,
            0.0023671556264162064,
            0.014909098856151104
        ]
    ],
    "c1": [
        [
            0.046471986919641495,
            0.006590995937585831,
            0.018995190039277077
        ]
    ],
    "oracle_method": "dexnet",
    "oracle_robust": true,
    "quality": [
        [
            0.00017157556430902332
        ],
        [
            0.00040229965816251934
        ],
        [
            0.0022661678958684206
        ],
        [
            0.0006815660162828863
        ],
        [
            0.0003032199456356466
        ],
        [
            0.0011740756453946233
        ],
        [
            0.0004963447572663426
        ],
        [
            0.0011407413985580206
        ],
        [
            0.0005752305150963366
        ],
        [
            0.0009441197034902871
        ]
    ],
    "prediction": null
}