{
    "depth": null,
    "im_center": null,
    "im_axis": null,
    "im_angle": null,
    "world_center": [
        [
            0.009977784007787704,
            -0.0035550231114029884,
            -0.059895336627960205
        ],
        [
            -0.036718375980854034,
            0.0023622550070285797,
            -0.0406421460211277
        ],
        [
            -0.02038116566836834,
            -0.00192461465485394,
            0.0691828578710556
        ],
        [
            -0.03469317406415939,
            -0.021875405684113503,
            0.04142080619931221
        ],
        [
            0.013016166165471077,
            -0.027344368398189545,
            -0.04412219673395157
        ],
        [
            -0.027411887422204018,
            0.031221903860569,
            -0.0195869579911232
        ],
        [
            0.00865682028234005,
            -0.0026335029397159815,
            0.06650067865848541
        ],
        [
            -0.01633521355688572,
            0.030572189018130302,
            -0.061478182673454285
        ],
        [
            -0.028146665543317795,
            0.02373422309756279,
            0.07795923203229904
        ],
        [
            -0.02973174676299095,
            -0.027950072661042213,
            0.029259221628308296
        ],
        [
            -0.030094154179096222,
            -0.027173519134521484,
            0.018514133989810944
        ],
        [
            0.03692365437746048,
            0.002976922784000635,
            0.032921452075242996
        ],
        [
            -0.015008115209639072,
            0.02122659981250763,
            0.07800315320491791
        ],
        [
            0.010701943188905716,
            -0.004319219850003719,
            -0.05950597673654556
        ],
        [
            -0.036494068801403046,
            -0.023727627471089363,
            0.00021406356245279312
        ],
        [
            0.030934995040297508,
            -0.0042560165748000145,
            0.04226766526699066
        ],
        [
            -0.01566588506102562,
            0.02564721554517746,
            -0.01292923092842102
        ],
        [
            -0.003436851315200329,
            0.03310316801071167,
            -0.039002496749162674
        ],
        [
            -0.0028666844591498375,
            0.007051261607557535,
            -0.03496044874191284
        ]
    ],
    "world_axis": [
        [
            0.9532674551010132,
            -0.26103872060775757,
            0.1521180272102356
        ],
        [
            -0.5786353945732117,
            -0.06782643496990204,
            0.812761127948761
        ],
        [
            0.49609819054603577,
            -0.8298802375793457,
            -0.2553141117095947
        ],
        [
            -0.5877851843833923,
            -0.32744887471199036,
            0.739787757396698
        ],
        [
            0.6170687675476074,
            -0.22036944329738617,
            0.7554226517677307
        ],
        [
            -0.27813735604286194,
            0.9145441651344299,
            -0.2936810255050659
        ],
        [
            -0.9215655326843262,
            0.3030821681022644,
            0.2426067739725113
        ],
        [
            0.9599866271018982,
            -0.08758964389562607,
            0.2659958004951477
        ],
        [
            -0.7546393871307373,
            -0.4960949420928955,
            -0.42942899465560913
        ],
        [
            -0.49982213973999023,
            -0.7675923109054565,
            0.40122297406196594
        ],
        [
            0.5528821349143982,
            0.8296378254890442,
            0.07760386914014816
        ],
        [
            0.6220377087593079,
            0.41650083661079407,
            0.6630204916000366
        ],
        [
            0.7928149700164795,
            0.3852246403694153,
            0.47227782011032104
        ],
        [
            -0.7402299642562866,
            -0.6452783346176147,
            -0.18887944519519806
        ],
        [
            0.9340618848800659,
            0.16422635316848755,
            0.31710901856422424
        ],
        [
            -0.5953877568244934,
            -0.39113369584083557,
            -0.7018033266067505
        ],
        [
            -0.2818237543106079,
            -0.4193888008594513,
            0.8629533052444458
        ],
        [
            0.30719253420829773,
            0.1783236414194107,
            -0.9347905516624451
        ],
        [
            -0.7411274909973145,
            0.39932313561439514,
            0.5396954417228699
        ]
    ],
    "c0": [
        [
            -0.0014654886908829212,
            -0.0004214458167552948,
            -0.061721399426460266
        ],
        [
            -0.027899494394659996,
            0.0033959858119487762,
            -0.053029295057058334
        ],
        [
            -0.026180891320109367,
            0.0077772499062120914,
            0.07216764986515045
        ],
        [
            -0.02037186548113823,
            -0.013897158205509186,
            0.023395977914333344
        ],
        [
            0.002237634500488639,
            -0.023495106026530266,
            -0.057317398488521576
        ],
        [
            -0.02231072261929512,
            0.014448752626776695,
            -0.014200715348124504
        ],
        [
            0.029936714097857475,
            -0.009631981141865253,
            0.060898639261722565
        ],
        [
            -0.02692408300936222,
            0.03153832256793976,
            -0.0644121766090393
        ],
        [
            -0.019934294745326042,
            0.029132980853319168,
            0.08263249695301056
        ],
        [
            -0.020916352048516273,
            -0.01441199705004692,
            0.022182825952768326
        ],
        [
            -0.03795508295297623,
            -0.038969386368989944,
            0.017410755157470703
        ],
        [
            0.022870603948831558,
            -0.006432648748159409,
            0.0179425198584795
        ],
        [
            -0.022409280762076378,
            0.01763041317462921,
            0.07359430193901062
        ],
        [
            0.02586735412478447,
            0.008900875225663185,
            -0.055636320263147354
        ],
        [
            -0.053143225610256195,
            -0.02665487490594387,
            -0.005438236519694328
        ],
        [
            0.04349702596664429,
            0.00399647606536746,
            0.05707494914531708
        ],
        [
            -0.012794199399650097,
            0.029920639470219612,
            -0.021722422912716866
        ],
        [
            -0.009610230103135109,
            0.02951955422759056,
            -0.02021683193743229
        ],
        [
            0.011928407475352287,
            -0.0009204074740409851,
            -0.04573436081409454
        ]
    ],