{
    "depth": null,
    "im_center": null,
    "im_axis": null,
    "im_angle": null,
    "world_center": [
        [
            -0.006864345632493496,
            0.007833680137991905,
            0.07608696073293686
        ],
        [
            0.01868249662220478,
            0.0057873777113854885,
            -0.023899197578430176
        ],
        [
            -0.030968984588980675,
            -0.022555764764547348,
            0.027521224692463875
        ],
        [
            -0.021409647539258003,
            -0.0018723346292972565,
            -0.04293743520975113
        ],
        [
            -0.03555196896195412,
            -0.026333974674344063,
            -0.0002767491387203336
        ],
        [
            -0.039559636265039444,
            -0.014389356598258018,
            0.04267926514148712
        ],
        [
            -0.015191558748483658,
            0.03197908401489258,
            -0.009527458809316158
        ],
        [
            -0.025297880172729492,
            -0.004129229579120874,
            0.050662703812122345
        ],
        [
            -0.0021982239559292793,
            0.0018919073045253754,
            -0.03666368126869202
        ],
        [
            0.01646251417696476,
            -0.0006615111487917602,
            -0.007182694040238857
        ]
    ],
    "world_axis": [
        [
            0.9586030840873718,
            0.0,
            0.28474584221839905
        ],
        [
            0.9768491387367249,
            0.0,
            -0.21392907202243805
        ],
        [
            0.8557531833648682,
            0.0,
            0.5173843502998352
        ],
        [
            -0.035711321979761124,
            0.0,
            -0.9993621706962585
        ],
        [
            0.9997979402542114,
            0.0,
            -0.020099887624382973
        ],
        [
            -0.03263906389474869,
            0.0,
            0.9994671940803528
        ],
        [
            -0.8329753279685974,
            0.0,
            0.5533101558685303
        ],
        [
            0.35818710923194885,
            0.0,
            0.9336498975753784
        ],
        [
            0.6749727725982666,
            0.0,
            -0.7378426790237427
        ],
        [
            -0.5150368213653564,
            0.0,
            -0.8571680188179016
        ]
    ],
    "c0": [
        [
            -0.017112545669078827,
            0.012363359332084656,
            0.07304280996322632
        ],
        [
            0.003444212954491377,
            0.004865328781306744,
            -0.020562026649713516
        ],
        [
            -0.0336502380669117,
            -0.0017742046620696783,
            0.02590015158057213
        ],
        [
            -0.02079693228006363,
            -0.003373676910996437,
            -0.025790926069021225
        ],
        [
            -0.04004900902509689,
            -0.035887401551008224,
            -0.00018634088337421417
        ],
        [
            -0.03887706249952316,
            -0.003156015183776617,
            0.021777624264359474
        ],
        [
            -0.0035207802429795265,
            0.03883197158575058,
            -0.017279861494898796
        ],
        [
            -0.03108101338148117,
            0.0057419342920184135,
            0.035588402301073074
        ],
        [
            -0.014636661857366562,
            0.006552590057253838,
            -0.023066671565175056
        ],
        [
            0.025866977870464325,
            0.0016747618792578578,
            0.00846901349723339
        ]
    ],
    "c1": [
        [
            0.0033838548697531223,
            0.00330400001257658,
            0.0791311115026474
        ],
        [
            0.0339207798242569,
            0.006709426641464233,
            -0.027236366644501686
        ],
        [
            -0.028287731111049652,
            -0.04333732649683952,
            0.02914229780435562
        ],
        [
            -0.022022362798452377,
            -0.00037099234759807587,
            -0.060083940625190735
        ],
        [
            -0.03105493076145649,
            -0.0167805477976799,
            -0.000367157394066453
        ],
        [
            -0.040242210030555725,
            -0.025622697547078133,
            0.06358090788125992
        ],
        [
            -0.026862336322665215,
            0.025126196444034576,
            -0.0017750567058101296
        ],
        [
            -0.019514748826622963,
            -0.014000393450260162,
            0.06573700904846191
        ],
        [
            0.010240213945508003,
            -0.002768775448203087,
            -0.05026068910956383
        ],
        [
            0.007058050017803907,
            -0.002997784176841378,
            -0.022834401577711105
        ]
    ],
    "oracle_method": "pytorch",
    "oracle_robust": null,
    "quality": [
        [
            0.00520299281924963
        ],
        [
            0.00455568777397275
        ],
        [
            0.004072684794664383
        ],
        [
            0.003746809670701623
        ],
        [
            0.0035712078679353
        ],
        [
            0.003406192408874631
        ],
        [
            0.003250378416851163
        ],
        [
            0.002696563024073839
        ],
        [
            0.002670316258445382
        ],
        [
            0.0025568867567926645
        ]
    ],
    "prediction": null,
    "objf": "unknown"
}