{
    "depth": [
        [
            0.626334011554718
        ]
    ],
    "im_center": [
        [
            289.699951171875,
            239.26803588867188
        ]
    ],
    "im_axis": [
        [
            0.9997979998588562,
            -0.020099889487028122
        ]
    ],
    "im_angle": [
        [
            -0.020101241767406464
        ]
    ],
    "world_center": [
        [
            -0.03555196896195412,
            -0.026333974674344063,
            -0.0002767491387203336
        ]
    ],
    "world_axis": [
        [
            0.9997979998588562,
            0.0,
            -0.020099889487028122
        ]
    ],
    "c0": [
        [
            -0.04004900902509689,
            -0.035887401551008224,
            -0.00018634088337421417
        ]
    ],
    "c1": [
        [
            -0.03105493076145649,
            -0.0167805477976799,
            -0.000367157394066453
        ]
    ],
    "oracle_method": "pytorch",
    "oracle_robust": null,
    "quality": [
        [
            7.07113804310211e-06
        ]
    ],
    "prediction": [
        [
            0.9933841824531555
        ]
    ],
    "objf": "unknown"
}