{
    "depth": [
        [
            0.5734971165657043
        ]
    ],
    "im_center": [
        [
            298.9159240722656,
            228.16580200195312
        ]
    ],
    "im_axis": [
        [
            0.9988878965377808,
            0.047148220241069794
        ]
    ],
    "im_angle": [
        [
            0.047165706753730774
        ]
    ],
    "world_center": [
        [
            -0.022485535591840744,
            0.026502899825572968,
            -0.012381202541291714
        ]
    ],
    "world_axis": [
        [
            0.9988878965377808,
            0.0,
            0.047148220241069794
        ]
    ],
    "c0": null,
    "c1": null,
    "oracle_method": "pytorch",
    "oracle_robust": null,
    "quality": [
        [
            0.0020184118766337633
        ]
    ],
    "prediction": null,
    "objf": "unknown"
}