{
    "depth": [
        [
            0.5942126512527466
        ]
    ],
    "im_center": [
        [
            336.00640869140625,
            218.38455200195312
        ]
    ],
    "im_axis": [
        [
            0.9768491983413696,
            -0.21392908692359924
        ]
    ],
    "im_angle": [
        [
            -0.21559539437294006
        ]
    ],
    "world_center": [
        [
            0.01868249662220478,
            0.0057873777113854885,
            -0.023899197578430176
        ]
    ],
    "world_axis": [
        [
            0.9768491983413696,
            0.0,
            -0.21392908692359924
        ]
    ],
    "c0": [
        [
            0.003444212954491377,
            0.004865328781306744,
            -0.020562026649713516
        ]
    ],
    "c1": [
        [
            0.0339207798242569,
            0.006709426641464233,
            -0.027236366644501686
        ]
    ],
    "oracle_method": "pytorch",
    "oracle_robust": null,
    "quality": [
        [
            7.071017989801476e-06
        ]
    ],
    "prediction": [
        [
            0.7628576159477234
        ]
    ],
    "objf": "unknown"
}