{
    "depth": [
        [
            0.5680209398269653
        ]
    ],
    "im_center": [
        [
            305.45904541015625,
            230.69415283203125
        ]
    ],
    "im_axis": [
        [
            -0.8329753279685974,
            0.5533101558685303
        ]
    ],
    "im_angle": [
        [
            2.5552597045898438
        ]
    ],
    "world_center": [
        [
            -0.015191558748483658,
            0.03197908401489258,
            -0.009527458809316158
        ]
    ],
    "world_axis": [
        [
            -0.8329753279685974,
            0.0,
            0.5533101558685303
        ]
    ],
    "c0": [
        [
            -0.0035207802429795265,
            0.03883197158575058,
            -0.017279861494898796
        ]
    ],
    "c1": [
        [
            -0.026862336322665215,
            0.025126196444034576,
            -0.0017750567058101296
        ]
    ],
    "oracle_method": "pytorch",
    "oracle_robust": null,
    "quality": [
        [
            7.071044819895178e-06
        ]
    ],
    "prediction": [
        [
            0.3268260955810547
        ]
    ],
    "objf": "unknown"
}