{
    "depth": [
        [
            0.5916854739189148
        ],
        [
            0.6180631518363953
        ]
    ],
    "im_center": [
        [
            341.2261657714844,
            235.90847778320312
        ],
        [
            291.2656555175781,
            239.6473846435547
        ]
    ],
    "im_axis": [
        [
            -0.987358808517456,
            0.15850120782852173
        ],
        [
            -0.9988781809806824,
            -0.04735260456800461
        ]
    ],
    "im_angle": [
        [
            2.9824202060699463
        ],
        [
            -3.0942223072052
        ]
    ],
    "world_center": [
        [
            0.02448580041527748,
            0.008314535953104496,
            -0.00404772162437439
        ],
        [
            -0.03323926404118538,
            -0.01806313917040825,
            0.0001734791585477069
        ]
    ],
    "world_axis": [
        [
            -0.987358808517456,
            0.0,
            0.15850120782852173
        ],
        [
            -0.9988781809806824,
            0.0,
            -0.04735260456800461
        ]
    ],
    "c0": [
        [
            0.035301245748996735,
            0.0055357725359499454,
            -0.005783931352198124
        ],
        [
            -0.019767945632338524,
            -0.023715335875749588,
            0.0008120991988107562
        ]
    ],
    "c1": [
        [
            0.009607908315956593,
            0.012137043289840221,
            -0.0016593681648373604
        ],
        [
            -0.04549847170710564,
            -0.012919512577354908,
            -0.0004076790646649897
        ]
    ],
    "oracle_method": "dexnet",
    "oracle_robust": true,
    "quality": [
        0.001488179317675531,
        0.0010908376425504684
    ],
    "prediction": null
}