{
    "depth": [
        [
            0.5916854739189148
        ],
        [
            0.5917211174964905
        ],
        [
            0.5915684700012207
        ],
        [
            0.5918196439743042
        ],
        [
            0.591705322265625
        ],
        [
            0.5915180444717407
        ],
        [
            0.5916566252708435
        ],
        [
            0.5917173624038696
        ],
        [
            0.591720461845398
        ],
        [
            0.5916066765785217
        ]
    ],
    "im_center": [
        [
            341.2261657714844,
            235.90850830078125
        ],
        [
            341.0713195800781,
            235.87155151367188
        ],
        [
            341.3099365234375,
            235.85675048828125
        ],
        [
            341.1937255859375,
            235.89010620117188
        ],
        [
            341.2377014160156,
            235.9751739501953
        ],
        [
            341.2181091308594,
            235.97659301757812
        ],
        [
            341.3221740722656,
            235.8712921142578
        ],
        [
            341.2115173339844,
            235.8433837890625
        ],
        [
            341.2843322753906,
            236.1656036376953
        ],
        [
            341.3530578613281,
            235.90672302246094
        ]
    ],
    "im_axis": [
        [
            -0.987358808517456,
            0.15850120782852173
        ],
        [
            -0.9873409867286682,
            0.15861210227012634
        ],
        [
            -0.9873948097229004,
            0.15827681124210358
        ],
        [
            -0.9873735308647156,
            0.15840943157672882
        ],
        [
            -0.9873652458190918,
            0.15846115350723267
        ],
        [
            -0.987350344657898,
            0.15855401754379272
        ],
        [
            -0.9873616099357605,
            0.15848369896411896
        ],
        [
            -0.9873545169830322,
            0.1585276573896408
        ],
        [
            -0.987365186214447,
            0.15846160054206848
        ],
        [
            -0.9873597025871277,
            0.1584954559803009
        ]
    ],
    "im_angle": [
        [
            2.9824202060699463
        ],
        [
            2.9823079109191895
        ],
        [
            2.98264741897583
        ],
        [
            2.982513189315796
        ],
        [
            2.9824607372283936
        ],
        [
            2.9823668003082275
        ],
        [
            2.982438087463379
        ],
        [
            2.982393503189087
        ],
        [
            2.9824604988098145
        ],
        [
            2.982426166534424
        ]
    ],
    "world_center": [
        [
            0.02448580041527748,
            0.008314535953104496,
            -0.00404772162437439
        ],
        [
            0.024312756955623627,
            0.008278898894786835,
            -0.0040896134451031685
        ],
        [
            0.024575363844633102,
            0.008431555703282356,
            -0.00410521449521184
        ],
        [
            0.024454832077026367,
            0.00818040780723095,
            -0.004069339018315077
        ],
        [
            0.024499621242284775,
            0.008294672705233097,
            -0.0039727091789245605
        ],
        [
            0.024469828233122826,
            0.008482008241117,
            -0.003969842102378607
        ],
        [
            0.024592828005552292,
            0.008343422785401344,
            -0.004089421592652798
        ],
        [
            0.024470632895827293,
            0.00828266516327858,
            -0.004121303558349609
        ],
        [
            0.024552829563617706,
            0.00827954150736332,
            -0.003758189966902137
        ],
        [
            0.024625537917017937,
            0.00839335098862648,
            -0.004049160052090883
        ]
    ],
    "world_axis": [
        [
            -0.987358808517456,
            0.0,
            0.15850120782852173
        ],
        [
            -0.9873409867286682,
            0.0,
            0.15861210227012634
        ],
        [
            -0.9873948097229004,
            0.0,
            0.15827681124210358
        ],
        [
            -0.9873735308647156,
            0.0,
            0.15840943157672882
        ],
        [
            -0.9873652458190918,
            0.0,
            0.15846115350723267
        ],
        [
            -0.987350344657898,
            0.0,
            0.15855401754379272
        ],
        [
            -0.9873616099357605,
            0.0,
            0.15848369896411896
        ],
        [
            -0.9873545169830322,
            0.0,
            0.1585276573896408
        ],
        [
            -0.987365186214447,
            0.0,
            0.15846160054206848
        ],
        [
            -0.9873597025871277,
            0.0,
            0.1584954559803009
        ]
    ],
    "c0": [
        [
            0.035301245748996735,
            0.0055357725359499454,
            -0.005783931352198124
        ]
    ],
    "c1": [
        [
            0.009607908315956593,
            0.012137043289840221,
            -0.0016593681648373604
        ]
    ],
    "oracle_method": "dexnet",
    "oracle_robust": true,
    "quality": [
        [
            0.0013019500765949488
        ],
        [
            0.0
        ],
        [
            0.0007867641397751868
        ],
        [
            0.0
        ],
        [
            0.0
        ],
        [
            0.0016994623001664877
        ],
        [
            0.0008727748063392937
        ],
        [
            0.0
        ],
        [
            0.0
        ],
        [
            0.0014420738443732262
        ]
    ],
    "prediction": null
}