{
    "depth": [
        [
            0.5867295861244202
        ]
    ],
    "im_center": [
        [
            338.5903015136719,
            222.14651489257812
        ]
    ],
    "im_axis": [
        [
            0.8990553617477417,
            -0.4378349483013153
        ]
    ],
    "im_angle": [
        [
            -0.45318910479545593
        ]
    ],
    "world_center": [
        [
            0.02133493311703205,
            0.013270429335534573,
            -0.019393907859921455
        ]
    ],
    "world_axis": [
        [
            0.8990553617477417,
            0.0,
            -0.4378349483013153
        ]
    ],
    "c0": null,
    "c1": null,
    "oracle_method": "pytorch",
    "oracle_robust": null,
    "quality": [
        [
            7.071036634442862e-06
        ]
    ],
    "prediction": null,
    "objf": "unknown"
}