{
    "depth": null,
    "im_center": null,
    "im_axis": null,
    "im_angle": null,
    "world_center": [
        [
            -0.03551127016544342,
            -0.021437320858240128,
            -0.008362301625311375
        ]
    ],
    "world_axis": [
        [
            0.937670111656189,
            -0.3113318979740143,
            0.15442585945129395
        ]
    ],
    "c0": [
        [
            -0.05013110116124153,
            -0.016583137214183807,
            -0.010770058259367943
        ]
    ],
    "c1": [
        [
            -0.02040586620569229,
            -0.026452723890542984,
            -0.00587457837536931
        ]
    ],
    "oracle_method": "dexnet",
    "oracle_robust": true,
    "quality": [
        [
            0.0007390188402496278
        ]
    ],
    "prediction": null
}