{
    "depth": [
        [
            0.6096961498260498
        ],
        [
            0.603597104549408
        ],
        [
            0.602064847946167
        ],
        [
            0.5858603119850159
        ],
        [
            0.5714124441146851
        ],
        [
            0.5867295861244202
        ],
        [
            0.5945061445236206
        ],
        [
            0.5734971165657043
        ],
        [
            0.6163161396980286
        ],
        [
            0.5945266485214233
        ]
    ],
    "im_center": [
        [
            330.3719482421875,
            211.74771118164062
        ],
        [
            302.2072448730469,
            201.77536010742188
        ],
        [
            305.1098327636719,
            178.9901885986328
        ],
        [
            294.5961608886719,
            185.8672332763672
        ],
        [
            294.0911865234375,
            194.29995727539062
        ],
        [
            338.5903015136719,
            222.14651489257812
        ],
        [
            290.6893005371094,
            242.13739013671875
        ],
        [
            298.9159240722656,
            228.16580200195312
        ],
        [
            282.0279541015625,
            271.61297607421875
        ],
        [
            348.7756652832031,
            269.2855224609375
        ]
    ],
    "im_axis": [
        [
            -0.7719325423240662,
            0.6357044577598572
        ],
        [
            0.10203998535871506,
            0.9947803020477295
        ],
        [
            0.8448492288589478,
            0.5350044369697571
        ],
        [
            0.36802616715431213,
            0.9298154711723328
        ],
        [
            -0.9507321119308472,
            0.3100137710571289
        ],
        [
            0.8990553617477417,
            -0.4378349483013153
        ],
        [
            -0.6035923957824707,
            0.7972931265830994
        ],
        [
            0.9988878965377808,
            0.047148220241069794
        ],
        [
            -0.9402071237564087,
            0.34060317277908325
        ],
        [
            0.7041213512420654,
            0.7100797295570374
        ]
    ],
    "im_angle": [
        [
            2.452672004699707
        ],
        [
            1.4685784578323364
        ],
        [
            0.5645130276679993
        ],
        [
            1.193911075592041
        ],
        [
            2.826385259628296
        ],
        [
            -0.45318910479545593
        ],
        [
            2.2187955379486084
        ],
        [
            0.047165706753730774
        ],
        [
            2.794034481048584
        ],
        [
            0.7896114587783813
        ]
    ],
    "world_center": [
        [
            0.01262584887444973,
            -0.009696125984191895,
            -0.03222948685288429
        ],
        [
            -0.019881628453731537,
            -0.0035970602184534073,
            -0.04337235540151596
        ],
        [
            -0.016502495855093002,
            -0.0020648185163736343,
            -0.06939205527305603
        ],
        [
            -0.02779082953929901,
            0.014139721170067787,
            -0.05985012277960777
        ],
        [
            -0.027655070647597313,
            0.02858758717775345,
            -0.049195945262908936
        ],
        [
            0.02133493311703205,
            0.013270429335534573,
            -0.019393907859921455
        ],
        [
            -0.03262502700090408,
            0.005493904929608107,
            0.0029865638352930546
        ],
        [
            -0.022485535591840744,
            0.026502899825572968,
            -0.012381202541291714
        ],
        [
            -0.04398978501558304,
            -0.016316119581460953,
            0.03769855201244354
        ],
        [
            0.03315269201993942,
            0.005473393015563488,
            0.03373009338974953
        ]
    ],
    "world_axis": [
        [
            -0.7719325423240662,
            0.0,
            0.6357044577598572
        ],
        [
            0.10203998535871506,
            0.0,
            0.9947803020477295
        ],
        [
            0.8448492288589478,
            0.0,
            0.5350044369697571
        ],
        [
            0.36802616715431213,
            0.0,
            0.9298154711723328
        ],
        [
            -0.9507321119308472,
            0.0,
            0.3100137710571289
        ],
        [
            0.8990553617477417,
            0.0,
            -0.4378349483013153
        ],
        [
            -0.6035923957824707,
            0.0,
            0.7972931265830994
        ],
        [
            0.9988878965377808,
            0.0,
            0.047148220241069794
        ],
        [
            -0.9402071237564087,
            0.0,
            0.34060317277908325
        ],
        [
            0.7041213512420654,
            0.0,
            0.7100797295570374
        ]
    ],
    "c0": [
        [
            0.02484879642724991,
            -0.013445360586047173,
            -0.04229537025094032
        ],
        [
            -0.021831190213561058,
            -0.008129946887493134,
            -0.062378495931625366
        ],
        [
            -0.026196232065558434,
            -0.0008011944591999054,
            -0.07553065568208694
        ],
        [
            -0.030475016683340073,
            0.017702171579003334,
            -0.06663170456886292
        ],
        [
            -0.01676303520798683,
            0.031969353556632996,
            -0.05274760723114014
        ],
        [
            0.008229497820138931,
            0.019378874450922012,
            -0.013011634349822998
        ],
        [
            -0.02484479546546936,
            0.020386524498462677,
            -0.007290448062121868
        ],
        [
            -0.03807932883501053,
            0.027660463005304337,
            -0.013117240741848946
        ],
        [
            -0.03399644419550896,
            0.005245305597782135,
            0.03407832235097885
        ],
        [
            0.019728191196918488,
            -0.005190195981413126,
            0.020191991701722145
        ]
    ],
    "c1": [
        [
            0.00040290129254572093,
            -0.005946891847997904,
            -0.02216360531747341
        ],
        [
            -0.017932064831256866,
            0.000935826450586319,
            -0.024366211146116257
        ],
        [
            -0.006808761041611433,
            -0.0033284425735473633,
            -0.06325345486402512
        ],
        [
            -0.0251066405326128,
            0.010577271692454815,
            -0.05306854099035263
        ],
        [
            -0.038547106087207794,
            0.0252058207988739,
            -0.045644279569387436
        ],
        [
            0.03444036841392517,
            0.00716198468580842,
            -0.025776181370019913
        ],
        [
            -0.040405262261629105,
            -0.009398714639246464,
            0.013263575732707977
        ],
        [
            -0.0068917409516870975,
            0.02534533478319645,
            -0.011645164340734482
        ],
        [
            -0.05398312956094742,
            -0.03787754476070404,
            0.041318777948617935
        ],
        [
            0.04657719284296036,
            0.016136981546878815,
            0.04726819321513176
        ]
    ],
    "oracle_method": "pytorch",
    "oracle_robust": null,