{
    "depth": [
        [
            0.5954749584197998
        ],
        [
            0.5954329967498779
        ],
        [
            0.5953258872032166
        ],
        [
            0.5953367352485657
        ],
        [
            0.5954253077507019
        ],
        [
            0.5956076383590698
        ],
        [
            0.5954278111457825
        ],
        [
            0.5955038070678711
        ],
        [
            0.5955564975738525
        ],
        [
            0.595484733581543
        ]
    ],
    "im_center": [
        [
            348.6832580566406,
            254.47877502441406
        ],
        [
            348.51470947265625,
            254.38966369628906
        ],
        [
            348.719970703125,
            254.4804229736328
        ],
        [
            348.6012268066406,
            254.4618682861328
        ],
        [
            348.5389404296875,
            254.4076385498047
        ],
        [
            348.625244140625,
            254.3427734375
        ],
        [
            348.6665954589844,
            254.44346618652344
        ],
        [
            348.67938232421875,
            254.4496307373047
        ],
        [
            348.52789306640625,
            254.61708068847656
        ],
        [
            348.56573486328125,
            254.57460021972656
        ]
    ],
    "im_axis": [
        [
            0.9891811609268188,
            0.14669936895370483
        ],
        [
            0.9892037510871887,
            0.14654651284217834
        ],
        [
            0.9891897439956665,
            0.14664125442504883
        ],
        [
            0.9891915321350098,
            0.14662912487983704
        ],
        [
            0.9891853332519531,
            0.14667119085788727
        ],
        [
            0.9891980290412903,
            0.1465853899717331
        ],
        [
            0.9891846179962158,
            0.14667613804340363
        ],
        [
            0.9892226457595825,
            0.14641934633255005
        ],
        [
            0.989184558391571,
            0.14667627215385437
        ],
        [
            0.9891640543937683,
            0.14681433141231537
        ]
    ],
    "im_angle": [
        [
            0.14723071455955505
        ],
        [
            0.14707618951797485
        ],
        [
            0.1471719592809677
        ],
        [
            0.14715971052646637
        ],
        [
            0.14720222353935242
        ],
        [
            0.14711548388004303
        ],
        [
            0.14720721542835236
        ],
        [
            0.14694762229919434
        ],
        [
            0.1472073495388031
        ],
        [
            0.14734692871570587
        ]
    ],
    "world_center": [
        [
            0.03310077637434006,
            0.004525084514170885,
            0.016989486292004585
        ],
        [
            0.03290724381804466,
            0.004567001014947891,
            0.01688721776008606
        ],
        [
            0.0331340953707695,
            0.004674140829592943,
            0.01698710210621357
        ],
        [
            0.033000025898218155,
            0.004663266707211733,
            0.01696634106338024
        ],
        [
            0.032934293150901794,
            0.004574690945446491,
            0.016907384619116783
        ],
        [
            0.033042315393686295,
            0.004392394330352545,
            0.016838982701301575
        ],
        [
            0.03307924047112465,
            0.004572226665914059,
            0.016948100179433823
        ],
        [
            0.03309797868132591,
            0.00449620233848691,
            0.016957242041826248
        ],
        [
            0.032929033041000366,
            0.004443532787263393,
            0.017148692160844803
        ],
        [
            0.03296799212694168,
            0.0045152753591537476,
            0.01709846593439579
        ]
    ],
    "world_axis": [
        [
            0.9891811609268188,
            0.0,
            0.14669936895370483
        ],
        [
            0.9892037510871887,
            0.0,
            0.14654651284217834
        ],
        [
            0.9891897439956665,
            0.0,
            0.14664125442504883
        ],
        [
            0.9891915321350098,
            0.0,
            0.14662912487983704
        ],
        [
            0.9891853332519531,
            0.0,
            0.14667119085788727
        ],
        [
            0.9891980290412903,
            0.0,
            0.1465853899717331
        ],
        [
            0.9891846179962158,
            0.0,
            0.14667613804340363
        ],
        [
            0.9892226457595825,
            0.0,
            0.14641934633255005
        ],
        [
            0.989184558391571,
            0.0,
            0.14667627215385437
        ],
        [
            0.9891640543937683,
            0.0,
            0.14681433141231537
        ]
    ],
    "c0": [
        [
            0.018914775922894478,
            0.0023671556264162064,
            0.014909098856151104
        ]
    ],
    "c1": [
        [
            0.046471986919641495,
            0.006590995937585831,
            0.018995190039277077
        ]
    ],
    "oracle_method": "dexnet",
    "oracle_robust": true,
    "quality": [
        [
            0.0006345311412587762
        ],
        [
            0.0005694851861335337
        ],
        [
            0.000398020725697279
        ],
        [
            0.0006932670366950333
        ],
        [
            0.00023251150560099632
        ],
        [
            0.0005821292288601398
        ],
        [
            0.0007951679290272295
        ],
        [
            0.0001783502520993352
        ],
        [
            0.0009494295227341354
        ],
        [
            0.0036145367193967104
        ]
    ],
    "prediction": null
}