{
    "depth": [
        [
            0.6225557923316956
        ]
    ],
    "im_center": [
        [
            293.3839111328125,
            262.7086181640625
        ]
    ],
    "im_axis": [
        [
            0.8557531833648682,
            0.5173843502998352
        ]
    ],
    "im_angle": [
        [
            0.5437915325164795
        ]
    ],
    "world_center": [
        [
            -0.030968984588980675,
            -0.022555764764547348,
            0.027521224692463875
        ]
    ],
    "world_axis": [
        [
            0.8557531833648682,
            0.0,
            0.5173843502998352
        ]
    ],
    "c0": [
        [
            -0.0336502380669117,
            -0.0017742046620696783,
            0.02590015158057213
        ]
    ],
    "c1": [
        [
            -0.028287731111049652,
            -0.04333732649683952,
            0.02914229780435562
        ]
    ],
    "oracle_method": "pytorch",
    "oracle_robust": null,
    "quality": [
        0.004072684794664383
    ],
    "prediction": [
        [
            0.9987015724182129
        ]
    ],
    "objf": "unknown"
}