{
    "depth": [
        [
            0.6018723845481873
        ]
    ],
    "im_center": [
        [
            300.8248596191406,
            202.046630859375
        ]
    ],
    "im_axis": [
        [
            -0.035711321979761124,
            -0.9993621706962585
        ]
    ],
    "im_angle": [
        [
            -1.6065152883529663
        ]
    ],
    "world_center": [
        [
            -0.021409647539258003,
            -0.0018723346292972565,
            -0.04293743520975113
        ]
    ],
    "world_axis": [
        [
            -0.035711321979761124,
            0.0,
            -0.9993621706962585
        ]
    ],
    "c0": [
        [
            -0.02079693228006363,
            -0.003373676910996437,
            -0.025790926069021225
        ]
    ],
    "c1": [
        [
            -0.022022362798452377,
            -0.00037099234759807587,
            -0.060083940625190735
        ]
    ],
    "oracle_method": "pytorch",
    "oracle_robust": null,
    "quality": [
        [
            7.071037543937564e-06
        ]
    ],
    "prediction": [
        [
            0.9999996423721313
        ]
    ],
    "objf": "unknown"
}