{
    "depth": [
        [
            0.5840426087379456
        ],
        [
            0.5840254426002502
        ],
        [
            0.5840553045272827
        ],
        [
            0.584023118019104
        ],
        [
            0.5841818451881409
        ],
        [
            0.5840639472007751
        ],
        [
            0.5841128826141357
        ],
        [
            0.5841081738471985
        ],
        [
            0.5840517282485962
        ],
        [
            0.5841520428657532
        ]
    ],
    "im_center": [
        [
            341.9601135253906,
            232.6274871826172
        ],
        [
            341.7856750488281,
            232.88951110839844
        ],
        [
            341.9468078613281,
            232.85617065429688
        ],
        [
            341.7583923339844,
            232.73976135253906
        ],
        [
            341.78851318359375,
            232.73220825195312
        ],
        [
            341.851318359375,
            232.87924194335938
        ],
        [
            341.7707824707031,
            232.7582550048828
        ],
        [
            341.8236999511719,
            232.79327392578125
        ],
        [
            341.8843688964844,
            232.81640625
        ],
        [
            341.85150146484375,
            232.9447479248047
        ]
    ],
    "im_axis": [
        [
            -0.7080805897712708,
            0.706131637096405
        ],
        [
            -0.7080093026161194,
            0.7062031626701355
        ],
        [
            -0.7079626321792603,
            0.7062498927116394
        ],
        [
            -0.7080506682395935,
            0.706161618232727
        ],
        [
            -0.7081628441810608,
            0.7060492038726807
        ],
        [
            -0.7080171704292297,
            0.7061952948570251
        ],
        [
            -0.7081098556518555,
            0.7061023712158203
        ],
        [
            -0.7080203890800476,
            0.7061920762062073
        ],
        [
            -0.7080038785934448,
            0.7062085270881653
        ],
        [
            -0.7081116437911987,
            0.7061004638671875
        ]
    ],
    "im_angle": [
        [
            2.357572555541992
        ],
        [
            2.3574717044830322
        ],
        [
            2.357405662536621
        ],
        [
            2.357530355453491
        ],
        [
            2.357689142227173
        ],
        [
            2.35748291015625
        ],
        [
            2.357614040374756
        ],
        [
            2.357487440109253
        ],
        [
            2.357464075088501
        ],
        [
            2.357616662979126
        ]
    ],
    "world_center": [
        [
            0.024986039847135544,
            0.015957418829202652,
            -0.0076454272493720055
        ],
        [
            0.024791236966848373,
            0.015974584966897964,
            -0.007353727240115404
        ],
        [
            0.024971742182970047,
            0.015944693237543106,
            -0.007391197606921196
        ],
        [
            0.02476080134510994,
            0.01597691886126995,
            -0.007520275190472603
        ],
        [
            0.02480102889239788,
            0.015818169340491295,
            -0.007530710659921169
        ],
        [
            0.02486588805913925,
            0.015936074778437614,
            -0.007365611847490072
        ],
        [
            0.02477838099002838,
            0.01588713936507702,
            -0.007500853389501572
        ],
        [
            0.024837058037519455,
            0.015891846269369125,
            -0.007461836561560631
        ],
        [
            0.024902159348130226,
            0.015948308631777763,
            -0.007435380946844816
        ],
        [
            0.02486986666917801,
            0.01584799773991108,
            -0.007293855305761099
        ]
    ],
    "world_axis": [
        [
            -0.7080805897712708,
            0.0,
            0.706131637096405
        ],
        [
            -0.7080093026161194,
            0.0,
            0.7062031626701355
        ],
        [
            -0.7079626321792603,
            0.0,
            0.7062498927116394
        ],
        [
            -0.7080506682395935,
            0.0,
            0.706161618232727
        ],
        [
            -0.7081628441810608,
            0.0,
            0.7060492038726807
        ],
        [
            -0.7080171704292297,
            0.0,
            0.7061952948570251
        ],
        [
            -0.7081098556518555,
            0.0,
            0.7061023712158203
        ],
        [
            -0.7080203890800476,
            0.0,
            0.7061920762062073
        ],
        [
            -0.7080038785934448,
            0.0,
            0.7062085270881653
        ],
        [
            -0.7081116437911987,
            0.0,
            0.7061004638671875
        ]
    ],
    "c0": [
        [
            0.03717249631881714,
            0.012451023794710636,
            -0.019611120223999023
        ]
    ],
    "c1": [
        [
            0.012706641107797623,
            0.019436700269579887,
            0.004788593854755163
        ]
    ],
    "oracle_method": "dexnet",
    "oracle_robust": true,
    "quality": [
        [
            0.0
        ],
        [
            0.0003813785733655095
        ],
        [
            0.00022816500859335065
        ],
        [
            0.0005406896234489977
        ],
        [
            0.00014022953109815717
        ],
        [
            0.00018007619655691087
        ],
        [
            0.00040588658885098994
        ],
        [
            6.0231832321733236e-05
        ],
        [
            7.219593680929393e-05
        ],
        [
            0.0004579729284159839
        ]
    ],
    "prediction": null
}