{
    "depth": [
        0.5919448733329773
    ],
    "im_center": [
        302.74627685546875,
        281.36810302734375
    ],
    "im_axis": [
        0.40071022510528564,
        -0.9162048101425171
    ],
    "im_angle": [
        -1.1585044860839844
    ],
    "world_center": [
        -0.018890082836151123,
        0.008055146783590317,
        0.047206878662109375
    ],
    "world_axis": [
        0.40071022510528564,
        0.0,
        -0.9162048101425171
    ],
    "c0": [
        -0.02808636613190174,
        0.009069954045116901,
        0.06823372840881348
    ],
    "c1": [
        -0.012141084298491478,
        0.0073103997856378555,
        0.03177560865879059
    ],
    "oracle_method": "dexnet",
    "oracle_robust": true,
    "quality": [
        0.0011285428190603852
    ]
}