{
    "depth": [
        0.5954792499542236
    ],
    "im_center": [
        348.5638732910156,
        254.4813232421875
    ],
    "im_axis": [
        0.9891850352287292,
        0.14667312800884247
    ],
    "im_angle": [
        0.1472041755914688
    ],
    "world_center": [
        0.03296561539173126,
        0.004520802292972803,
        0.016992509365081787
    ],
    "world_axis": [
        0.9891850352287292,
        0.0,
        0.14667312800884247
    ],
    "c0": [
        0.018914775922894478,
        0.0023671556264162064,
        0.014909098856151104
    ],
    "c1": [
        0.046471986919641495,
        0.006590995937585831,
        0.018995190039277077
    ],
    "oracle_method": "dexnet",
    "oracle_robust": true,
    "quality": [
        0.0008282699855044484
    ]
}