{
    "depth": [
        0.5828806757926941
    ],
    "im_center": [
        341.7481384277344,
        230.9247283935547
    ],
    "im_axis": [
        -0.8253061175346375,
        0.564685583114624
    ],
    "im_angle": [
        2.5415406227111816
    ],
    "world_center": [
        0.024700971320271492,
        0.017119374126195908,
        -0.009520676918327808
    ],
    "world_axis": [
        -0.8253061175346375,
        0.0,
        0.564685583114624
    ],
    "c0": [
        0.039033859968185425,
        0.02055935375392437,
        -0.019327426329255104
    ],
    "c1": [
        0.00971016101539135,
        0.013521488755941391,
        0.0007362362812273204
    ],
    "oracle_method": "dexnet",
    "oracle_robust": true,
    "quality": [
        0.0008829531143419445
    ]
}