{
    "depth": [
        [
            0.602064847946167
        ]
    ],
    "im_center": [
        [
            305.1098327636719,
            178.9901885986328
        ]
    ],
    "im_axis": [
        [
            0.8448492288589478,
            0.5350044369697571
        ]
    ],
    "im_angle": [
        [
            0.5645130276679993
        ]
    ],
    "world_center": [
        [
            -0.016502495855093002,
            -0.0020648185163736343,
            -0.06939205527305603
        ]
    ],
    "world_axis": [
        [
            0.8448492288589478,
            0.0,
            0.5350044369697571
        ]
    ],
    "c0": [
        [
            -0.026196232065558434,
            -0.0008011944591999054,
            -0.07553065568208694
        ]
    ],
    "c1": [
        [
            -0.006808761041611433,
            -0.0033284425735473633,
            -0.06325345486402512
        ]
    ],
    "oracle_method": "pytorch",
    "oracle_robust": null,
    "quality": [
        [
            0.004217160400003195
        ]
    ],
    "prediction": null,
    "objf": "unknown"
}