{
    "depth": 0.6250205039978027,
    "im_center": [
        290.5552978515625,
        229.67893981933594
    ],
    "im_axis": [
        -0.5473101139068604,
        0.8369298577308655
    ],
    "im_angle": 2.1499433517456055,
    "world_center": [
        -0.034459151327610016,
        -0.025020496919751167,
        -0.011692146770656109
    ],
    "world_axis": [
        [
            -0.5473101139068604,
            0.0,
            0.8369298577308655
        ]
    ],
    "c0": [
        -0.03321751207113266,
        -0.014660554938018322,
        -0.009793468751013279
    ],
    "c1": [
        -0.03567888215184212,
        -0.035197652876377106,
        -0.013557321391999722
    ],
    "quality": [
        true,
        0.0014833194649965138
    ]
}