{
    "depth": [
        [
            0.5921663641929626
        ]
    ],
    "im_center": [
        [
            313.41424560546875,
            306.9568176269531
        ]
    ],
    "im_axis": [
        [
            0.9586030840873718,
            0.28474584221839905
        ]
    ],
    "im_angle": [
        [
            0.2887412905693054
        ]
    ],
    "world_center": [
        [
            -0.006864345632493496,
            0.007833680137991905,
            0.07608696073293686
        ]
    ],
    "world_axis": [
        [
            0.9586030840873718,
            0.0,
            0.28474584221839905
        ]
    ],
    "c0": [
        [
            -0.017112545669078827,
            0.012363359332084656,
            0.07304280996322632
        ]
    ],
    "c1": [
        [
            0.0033838548697531223,
            0.00330400001257658,
            0.0791311115026474
        ]
    ],
    "oracle_method": "pytorch",
    "oracle_robust": null,
    "quality": [
        [
            0.005194592755287886
        ]
    ],
    "prediction": [
        [
            0.999854564666748
        ]
    ],
    "objf": "unknown"
}