{
    "depth": 0.6361231803894043,
    "im_center": [
        319.4520568847656,
        227.2513427734375
    ],
    "im_axis": [
        0.27985456585884094,
        -0.9600423574447632
    ],
    "im_angle": -1.287153720855713,
    "world_center": [
        -5.811336450278759e-05,
        -0.036123186349868774,
        -0.014841271564364433
    ],
    "world_axis": [
        [
            0.27985456585884094,
            0.0,
            -0.9600423574447632
        ]
    ],
    "c0": [
        -0.0011463684495538473,
        -0.0441424660384655,
        -0.018574528396129608
    ],
    "c1": [
        0.0010455116862431169,
        -0.027990611270070076,
        -0.011055272072553635
    ],
    "quality": [
        true,
        0.002470953160052286
    ]
}