{
    "depth": null,
    "im_center": null,
    "im_axis": null,
    "im_angle": null,
    "world_center": [
        [
            -0.02258422039449215,
            -0.025338470935821533,
            -0.016148626804351807
        ]
    ],
    "world_axis": [
        [
            -0.16884315013885498,
            -0.9788029789924622,
            -0.11591679602861404
        ]
    ],
    "c0": [
        [
            -0.020457934588193893,
            -0.013012171722948551,
            -0.014688857831060886
        ]
    ],
    "c1": [
        [
            -0.02452177181839943,
            -0.03657066076993942,
            -0.01747882179915905
        ]
    ],
    "oracle_method": "dexnet",
    "oracle_robust": true,
    "quality": [
        [
            0.000980345532298088
        ]
    ],
    "prediction": null
}