{
    "depth": null,
    "im_center": null,
    "im_axis": null,
    "im_angle": null,
    "world_center": [
        [
            0.02237081527709961,
            -0.015923229977488518,
            0.04923795536160469
        ]
    ],
    "world_axis": [
        [
            -0.263375848531723,
            -0.03182832896709442,
            -0.9641680717468262
        ]
    ],
    "c0": [
        [
            0.025465883314609528,
            -0.015549197793006897,
            0.06056841090321541
        ]
    ],
    "c1": [
        [
            0.01675323024392128,
            -0.016602100804448128,
            0.028673065826296806
        ]
    ],
    "oracle_method": "dexnet",
    "oracle_robust": true,
    "quality": [
        [
            0.0005617040442302823
        ]
    ],
    "prediction": null
}