{
    "depth": null,
    "im_center": null,
    "im_axis": null,
    "im_angle": null,
    "world_center": [
        [
            -0.03363615274429321,
            -0.017435222864151,
            0.01628541201353073
        ]
    ],
    "world_axis": [
        [
            0.9254013895988464,
            -0.32645028829574585,
            0.192516028881073
        ]
    ],
    "c0": [
        [
            -0.04920683801174164,
            -0.011942409910261631,
            0.013046160340309143
        ]
    ],
    "c1": [
        [
            -0.018439557403326035,
            -0.02279607020318508,
            0.019446836784482002
        ]
    ],
    "oracle_method": "dexnet",
    "oracle_robust": true,
    "quality": [
        [
            0.0008481129189021885
        ]
    ],
    "prediction": null
}