{
    "depth": null,
    "im_center": null,
    "im_axis": null,
    "im_angle": null,
    "world_center": [
        [
            -0.0027015372179448605,
            0.01776598021388054,
            -0.06818179041147232
        ]
    ],
    "world_axis": [
        [
            0.09219813346862793,
            -0.007479811552911997,
            0.9957125782966614
        ]
    ],
    "c0": [
        [
            -0.0034098352771252394,
            0.017823442816734314,
            -0.07583119720220566
        ]
    ],
    "c1": [
        [
            -0.0019940484780818224,
            0.017708586528897285,
            -0.06054112687706947
        ]
    ],
    "oracle_method": "dexnet",
    "oracle_robust": true,
    "quality": [
        [
            0.00095097825396806
        ]
    ],
    "prediction": null
}