{
    "depth": 0.6264163255691528,
    "im_center": [
        289.203857421875,
        255.8726806640625
    ],
    "im_axis": [
        -0.9952608346939087,
        -0.09724165499210358
    ],
    "im_angle": -3.0441970825195312,
    "world_center": [
        -0.0361485630273819,
        -0.026416301727294922,
        0.019535433501005173
    ],
    "world_axis": [
        [
            -0.9952608346939087,
            0.0,
            -0.09724165499210358
        ]
    ],
    "c0": [
        -0.018381094560027122,
        -0.022660506889224052,
        0.017799464985728264
    ],
    "c1": [
        -0.05371340364217758,
        -0.030129263177514076,
        0.021251602098345757
    ],
    "quality": [
        true,
        0.0011914724394634336
    ]
}