{
    "depth": 0.6354721188545227,
    "im_center": [
        327.58233642578125,
        224.36825561523438
    ],
    "im_axis": [
        -0.9412806034088135,
        -0.3376253545284271
    ],
    "im_angle": -2.7971997261047363,
    "world_center": [
        0.009783000685274601,
        -0.035472117364406586,
        -0.018315836787223816
    ],
    "world_axis": [
        [
            -0.9412806034088135,
            0.0,
            -0.3376253545284271
        ]
    ],
    "c0": [
        0.024110570549964905,
        -0.03820376470685005,
        -0.023454949259757996
    ],
    "c1": [
        -0.004785137251019478,
        -0.032694604247808456,
        -0.013090432621538639
    ],
    "quality": [
        true,
        0.0012037687609180773
    ]
}