{
    "depth": [
        [
            0.6135089993476868
        ],
        [
            0.5853149890899658
        ],
        [
            0.6131925582885742
        ],
        [
            0.6221469640731812
        ],
        [
            0.5907804369926453
        ],
        [
            0.5904322862625122
        ],
        [
            0.5667380690574646
        ],
        [
            0.5875073075294495
        ],
        [
            0.5954182147979736
        ],
        [
            0.5713794231414795
        ]
    ],
    "im_center": [
        [
            277.42779541015625,
            267.74798583984375
        ],
        [
            342.7708740234375,
            237.86325073242188
        ],
        [
            307.76373291015625,
            204.658447265625
        ],
        [
            306.8052673339844,
            200.18557739257812
        ],
        [
            333.4986877441406,
            206.4615020751953
        ],
        [
            344.3291015625,
            247.62619018554688
        ],
        [
            302.0167236328125,
            290.8055114746094
        ],
        [
            319.0548400878906,
            263.31890869140625
        ],
        [
            360.3309020996094,
            255.8705291748047
        ],
        [
            306.34576416015625,
            229.265869140625
        ]
    ],
    "im_axis": [
        [
            -0.3990141451358795,
            -0.9169447422027588
        ],
        [
            0.6400672197341919,
            -0.7683189511299133
        ],
        [
            -0.23804037272930145,
            0.9712552428245544
        ],
        [
            -0.6031687259674072,
            -0.7976136207580566
        ],
        [
            -0.6154974699020386,
            0.7881388068199158
        ],
        [
            0.999322235584259,
            -0.03681124001741409
        ],
        [
            -0.8141214847564697,
            0.5806944966316223
        ],
        [
            0.8094174265861511,
            -0.5872336626052856
        ],
        [
            0.4769285321235657,
            -0.8789421319961548
        ],
        [
            -0.9762101769447327,
            -0.21682649850845337
        ]
    ],
    "im_angle": [
        [
            -1.981237769126892
        ],
        [
            -0.876210629940033
        ],
        [
            1.8111441135406494
        ],
        [
            -2.21826434135437
        ],
        [
            2.2338132858276367
        ],
        [
            -0.03681955859065056
        ],
        [
            2.5220112800598145
        ],
        [
            -0.6276369690895081
        ],
        [
            -1.0736395120620728
        ],
        [
            -2.923030376434326
        ]
    ],
    "world_center": [
        [
            -0.04916508495807648,
            -0.013508951291441917,
            0.03301025182008743
        ],
        [
            0.025944320484995842,
            0.014685027301311493,
            -0.001824796199798584
        ],
        [
            -0.013707795180380344,
            -0.013192517682909966,
            -0.04069444164633751
        ],
        [
            -0.015043837018311024,
            -0.02214696630835533,
            -0.04658927023410797
        ],
        [
            0.015752682462334633,
            0.009219590574502945,
            -0.037178099155426025
        ],
        [
            0.02792363241314888,
            0.009567752480506897,
            0.00913897342979908
        ],
        [
            -0.01887323707342148,
            0.033261947333812714,
            0.0553843230009079
        ],
        [
            -0.0004981695674359798,
            0.012492706999182701,
            0.026654817163944244
        ],
        [
            0.046307533979415894,
            0.004581826739013195,
            0.018566295504570007
        ],
        [
            -0.014316322281956673,
            0.028620608150959015,
            -0.011138221248984337
        ]
    ],
    "world_axis": [
        [
            -0.3990141451358795,
            0.0,
            -0.9169447422027588
        ],
        [
            0.6400672197341919,
            0.0,
            -0.7683189511299133
        ],
        [
            -0.23804037272930145,
            0.0,
            0.9712552428245544
        ],
        [
            -0.6031687259674072,
            0.0,
            -0.7976136207580566
        ],
        [
            -0.6154974699020386,
            0.0,
            0.7881388068199158
        ],
        [
            0.999322235584259,
            0.0,
            -0.03681124001741409
        ],
        [
            -0.8141214847564697,
            0.0,
            0.5806944966316223
        ],
        [
            0.8094174265861511,
            0.0,
            -0.5872336626052856
        ],
        [
            0.4769285321235657,
            0.0,
            -0.8789421319961548
        ],
        [
            -0.9762101769447327,
            0.0,
            -0.21682649850845337
        ]
    ],
    "c0": [
        [
            -0.04757329076528549,
            -0.0074044340290129185,
            0.03819438815116882
        ],
        [
            -0.02372649870812893,
            -0.01868688128888607,
            0.0003123294736724347
        ],
        [
            0.039250463247299194,
            0.004200420342385769,
            -0.004151155240833759
        ],
        [
            0.01884693093597889,
            0.008075147867202759,
            0.007661882787942886
        ],
        [
            0.025897083804011345,
            0.02651960216462612,
            0.016310706734657288
        ],
        [
            0.011572045274078846,
            0.011921481229364872,
            0.009741305373609066
        ],
        [
            -0.04215460643172264,
            0.012342856265604496,
            -0.04985501617193222
        ],
        [
            -0.012792769819498062,
            0.00017489561287220567,
            -0.06286527216434479
        ],
        [
            0.045053645968437195,
            0.003253786824643612,
            0.015586639754474163
        ],
        [
            -0.012334912084043026,
            0.014788785018026829,
            -0.010698126628994942
        ]
    ],
    "c1": [
        [
            -0.02065288834273815,
            -0.009865998290479183,
            0.02842221036553383
        ],
        [
            -0.04082876816391945,
            -0.03576413914561272,
            0.0012591741979122162
        ],
        [
            0.01114680152386427,
            0.01048731617629528,
            0.006940699648112059
        ],
        [
            0.030802909284830093,
            0.025742368772625923,
            0.013439984992146492
        ],
        [
            0.011249743402004242,
            0.011174625717103481,
            0.009380221366882324
        ],
        [
            0.044132813811302185,
            0.007234529592096806,
            0.008541888557374477
        ],
        [
            -0.0281655415892601,
            0.009302234277129173,
            -0.03786452114582062
        ],
        [
            -0.01478822622448206,
            0.0012513459660112858,
            -0.07797793298959732
        ],
        [
            0.01612352579832077,
            0.012671508826315403,
            0.02700427733361721
        ],
        [
            -0.01629110798239708,
            0.04240618273615837,
            -0.011576845310628414
        ]
    ],
    "oracle_method": "dexnet",
    "oracle_robust": true,
    "quality": [
        0.003692708909511566,
        0.0026765421498566866,
        0.002662438666447997,
        0.0026143849827349186,
        0.002408890752121806,
        0.0023699228186160326,
        0.0023182868026196957,
        0.0021545281633734703,
        0.002148436149582267,
        0.0020888971630483866
    ],