{
    "depth": [
        [
            0.6009652018547058
        ],
        [
            0.6009731292724609
        ],
        [
            0.6009348630905151
        ],
        [
            0.6008891463279724
        ],
        [
            0.6010652184486389
        ],
        [
            0.6009941697120667
        ],
        [
            0.6009443998336792
        ],
        [
            0.6010088324546814
        ],
        [
            0.6010945439338684
        ],
        [
            0.6008784174919128
        ],
        [
            0.6010892987251282
        ],
        [
            0.6007651686668396
        ],
        [
            0.6008334755897522
        ],
        [
            0.6010028123855591
        ],
        [
            0.600951611995697
        ],
        [
            0.6008660793304443
        ],
        [
            0.6008456349372864
        ],
        [
            0.6008764505386353
        ],
        [
            0.6009060144424438
        ],
        [
            0.6010540723800659
        ],
        [
            0.6011302471160889
        ],
        [
            0.600986123085022
        ],
        [
            0.6009974479675293
        ],
        [
            0.6010474562644958
        ],
        [
            0.6010590195655823
        ]
    ],
    "im_center": [
        [
            325.484130859375,
            218.9687042236328
        ],
        [
            325.4593505859375,
            218.98768615722656
        ],
        [
            325.4781799316406,
            219.1078338623047
        ],
        [
            325.57574462890625,
            219.00914001464844
        ],
        [
            325.5986022949219,
            218.92567443847656
        ],
        [
            325.47027587890625,
            218.94744873046875
        ],
        [
            325.5577697753906,
            218.94760131835938
        ],
        [
            325.5266418457031,
            218.92835998535156
        ],
        [
            325.3146667480469,
            218.87889099121094
        ],
        [
            325.34320068359375,
            219.1428985595703
        ],
        [
            325.46990966796875,
            218.96066284179688
        ],
        [
            325.5247497558594,
            218.86322021484375
        ],
        [
            325.56585693359375,
            218.82281494140625
        ],
        [
            325.5061950683594,
            218.86416625976562
        ],
        [
            325.3681640625,
            218.91551208496094
        ],
        [
            325.4121398925781,
            218.91461181640625
        ],
        [
            325.5473327636719,
            219.03062438964844
        ],
        [
            325.6068420410156,
            218.9898223876953
        ],
        [
            325.5712890625,
            218.81138610839844
        ],
        [
            325.6112060546875,
            219.0108642578125
        ],
        [
            325.486572265625,
            219.0261993408203
        ],
        [
            325.5140686035156,
            218.9827880859375
        ],
        [
            325.50689697265625,
            218.92288208007812
        ],
        [
            325.51910400390625,
            218.9667510986328
        ],
        [
            325.4076843261719,
            218.94305419921875
        ]
    ],
    "im_axis": [
        [
            0.6137726306915283,
            0.7894828915596008
        ],
        [
            0.6137485504150391,
            0.7895015478134155
        ],
        [
            0.6137242913246155,
            0.7895203828811646
        ],
        [
            0.6138831377029419,
            0.7893969416618347
        ],
        [
            0.6136907935142517,
            0.7895464897155762
        ],
        [
            0.6137609481811523,
            0.7894919514656067
        ],
        [
            0.6136599779129028,
            0.7895704507827759
        ],
        [
            0.6138874292373657,
            0.7893936634063721
        ],
        [
            0.613734245300293,
            0.7895126938819885
        ],
        [
            0.6136569976806641,
            0.7895727157592773
        ],
        [
            0.6138187050819397,
            0.7894470691680908
        ],
        [
            0.6137672662734985,
            0.7894870638847351
        ],
        [
            0.6135932803153992,
            0.7896222472190857
        ],
        [
            0.6138902902603149,
            0.7893913984298706
        ],
        [
            0.6137800812721252,
            0.7894770503044128
        ],
        [
            0.6137517690658569,
            0.7894991040229797
        ],
        [
            0.6137255430221558,
            0.7895194888114929
        ],
        [
            0.6138438582420349,
            0.7894275188446045
        ],
        [
            0.6137605309486389,
            0.7894923090934753
        ],
        [
            0.6137745976448059,
            0.7894812822341919
        ],
        [
            0.613840639591217,
            0.7894299030303955
        ],
        [
            0.6139100193977356,
            0.7893760204315186
        ],
        [
            0.6138420104980469,
            0.7894288897514343
        ],
        [
            0.6137109994888306,
            0.7895307540893555
        ],
        [
            0.6138505339622498,
            0.789422333240509
        ]
    ],
    "im_angle": [
        [
            0.9099660515785217
        ],
        [
            0.909996509552002
        ],
        [
            0.9100272059440613
        ],
        [
            0.9098260402679443
        ],
        [
            0.9100696444511414
        ],
        [
            0.909980833530426
        ],
        [
            0.9101086854934692
        ],
        [
            0.9098206758499146
        ],
        [
            0.9100146293640137
        ],
        [
            0.9101124405860901
        ],
        [
            0.9099076390266418
        ],
        [
            0.9099728465080261
        ],
        [
            0.910193145275116
        ],
        [
            0.9098169803619385
        ],
        [
            0.9099565744400024
        ],
        [
            0.9099924564361572
        ],
        [
            0.9100256562232971
        ],
        [
            0.9098758101463318
        ],
        [
            0.909981369972229
        ],
        [
            0.9099634289741516
        ],
        [
            0.9098798036575317
        ],
        [
            0.9097919464111328
        ],
        [
            0.909878134727478
        ],
        [
            0.9100440740585327
        ],
        [
            0.9098673462867737
        ]
    ],