{
    "depth": 0.5748593211174011,
    "im_center": [
        298.6966552734375,
        233.5357666015625
    ],
    "im_axis": [
        0.9608495831489563,
        0.277070552110672
    ],
    "im_angle": 0.28074395656585693,
    "world_center": [
        -0.022779053077101707,
        0.02514071762561798,
        -0.00653067696839571
    ],
    "world_axis": [
        [
            0.9608495831489563,
            0.0,
            0.277070552110672
        ]
    ],
    "c0": [
        -0.037003468722105026,
        0.030085314065217972,
        -0.002428927458822727
    ],
    "c1": [
        -0.008263458497822285,
        0.02009490691125393,
        -0.010716392658650875
    ],
    "quality": [
        true,
        0.001635006217819317
    ]
}