{
    "depth": 0.5824159979820251,
    "im_center": [
        344.3809509277344,
        239.4164276123047,
        0.5824159979820251
    ],
    "im_axis": [
        -0.9384999871253967,
        0.2201000154018402,
        0.2660999894142151
    ],
    "im_angle": 0.3525843322277069,
    "world_center": [
        0.027602000162005424,
        0.017583999782800674,
        -9.273400064557791e-05
    ],
    "world_axis": [
        -0.9384999871253967,
        0.2660999894142151,
        -0.22010000050067902
    ],
    "c0": [
        0.04410000145435333,
        0.012900000438094139,
        0.003800000064074993
    ],
    "c1": [
        0.01119999960064888,
        0.022199999541044235,
        -0.0038999998942017555
    ],
    "quality": [
        1,
        0.00039880830039262474
    ]
}