{
    "depth": [
        [
            0.6143893599510193
        ]
    ],
    "im_center": [
        [
            285.6960144042969,
            275.9697265625
        ]
    ],
    "im_axis": [
        [
            -0.03263906389474869,
            0.9994671940803528
        ]
    ],
    "im_angle": [
        [
            1.6034412384033203
        ]
    ],
    "world_center": [
        [
            -0.039559636265039444,
            -0.014389356598258018,
            0.04267926514148712
        ]
    ],
    "world_axis": [
        [
            -0.03263906389474869,
            0.0,
            0.9994671940803528
        ]
    ],
    "c0": [
        [
            -0.03887706249952316,
            -0.003156015183776617,
            0.021777624264359474
        ]
    ],
    "c1": [
        [
            -0.040242210030555725,
            -0.025622697547078133,
            0.06358090788125992
        ]
    ],
    "oracle_method": "pytorch",
    "oracle_robust": null,
    "quality": [
        [
            0.0034032054245471954
        ]
    ],
    "prediction": [
        [
            0.999997615814209
        ]
    ],
    "objf": "unknown"
}