{
    "depth": [
        [
            0.626350998878479
        ],
        [
            0.6241217255592346
        ],
        [
            0.6085697412490845
        ],
        [
            0.6041361093521118
        ],
        [
            0.5778096914291382
        ]
    ],
    "im_center": [
        [
            287.89556884765625,
            242.92764282226562
        ],
        [
            297.5227355957031,
            278.8150939941406
        ],
        [
            289.2787170410156,
            258.25250244140625
        ],
        [
            344.5528564453125,
            262.2274475097656
        ],
        [
            300.31292724609375,
            182.91664123535156
        ]
    ],
    "im_axis": [
        [
            0.7503568530082703,
            -0.6610329747200012
        ],
        [
            0.5329398512840271,
            -0.8461531400680542
        ],
        [
            -0.9919825792312622,
            -0.12637436389923096
        ],
        [
            -0.9113600254058838,
            0.4116101562976837
        ],
        [
            -0.8560258150100708,
            -0.5169330835342407
        ]
    ],
    "im_angle": [
        [
            -0.7221946120262146
        ],
        [
            -1.0087251663208008
        ],
        [
            -3.0148794651031494
        ],
        [
            2.7173726558685303
        ],
        [
            -2.5983283519744873
        ]
    ],
    "world_center": [
        [
            -0.037705663591623306,
            -0.026350991800427437,
            0.004089325666427612
        ],
        [
            -0.02612665854394436,
            -0.0241217203438282,
            0.04673788696527481
        ],
        [
            -0.03503193333745003,
            -0.008569729514420033,
            0.02173752523958683
        ],
        [
            0.028829198330640793,
            -0.004136085510253906,
            0.026153260841965675
        ],
        [
            -0.02111712656915188,
            0.022190338000655174,
            -0.062275081872940063
        ]
    ],
    "world_axis": [
        [
            0.7503568530082703,
            0.0,
            -0.6610329747200012
        ],
        [
            0.5329398512840271,
            0.0,
            -0.8461531400680542
        ],
        [
            -0.9919825792312622,
            0.0,
            -0.12637436389923096
        ],
        [
            -0.9113600254058838,
            0.0,
            0.4116101562976837
        ],
        [
            -0.8560258150100708,
            0.0,
            -0.5169330835342407
        ]
    ],
    "c0": [
        [
            -0.04013298079371452,
            -0.03680663928389549,
            0.006227689329534769
        ],
        [
            -0.036087267100811005,
            -0.031040575355291367,
            0.06255242228507996
        ],
        [
            -0.02062884159386158,
            -0.012625295668840408,
            0.023572418838739395
        ],
        [
            0.044329412281513214,
            -0.004609975963830948,
            0.019152682274580002
        ],
        [
            -0.014589868485927582,
            0.01948905736207962,
            -0.05833343043923378
        ]
    ],
    "c1": [
        [
            -0.035324107855558395,
            -0.016092462465167046,
            0.0019912731368094683
        ],
        [
            -0.016523825004696846,
            -0.01745138317346573,
            0.03149138763546944
        ],
        [
            -0.04672809690237045,
            -0.005276368465274572,
            0.020247483626008034
        ],
        [
            0.013194861821830273,
            -0.0036580953747034073,
            0.03321441635489464
        ],
        [
            -0.027732618153095245,
            0.024928126484155655,
            -0.06627001613378525
        ]
    ],
    "oracle_method": "dexnet",
    "oracle_robust": true,
    "quality": [
        0.0005228066584095359,
        0.0006624542875215411,
        0.0005400438676588237,
        0.0005869008018635213,
        0.0005334738525561988
    ],
    "prediction": null
}