{
    "depth": [
        0.6087077260017395
    ],
    "im_center": [
        341.5250549316406,
        280.88446044921875
    ],
    "im_axis": [
        0.6413866877555847,
        0.7672178149223328
    ],
    "im_angle": [
        0.8744920492172241
    ],
    "world_center": [
        0.02553682029247284,
        -0.008707680739462376,
        0.04798293858766556
    ],
    "world_axis": [
        0.6413866877555847,
        0.0,
        0.7672178149223328
    ],
    "c0": [
        0.012804793193936348,
        -0.0074020493775606155,
        0.03275306522846222
    ],
    "c1": [
        0.03501594066619873,
        -0.00967973843216896,
        0.05932173132896423
    ],
    "oracle_method": "dexnet",
    "oracle_robust": true,
    "quality": [
        0.0009056522976607084
    ]
}