{
    "depth": [
        0.5840537548065186
    ],
    "im_center": [
        341.9102783203125,
        232.84571838378906
    ],
    "im_axis": [
        -0.7080633044242859,
        0.7061489224433899
    ],
    "im_angle": [
        2.357548236846924
    ],
    "world_center": [
        0.024931075051426888,
        0.015946291387081146,
        -0.00740278884768486
    ],
    "world_axis": [
        -0.7080633044242859,
        0.0,
        0.7061489224433899
    ],
    "c0": [
        0.03717249631881714,
        0.012451023794710636,
        -0.019611120223999023
    ],
    "c1": [
        0.012706641107797623,
        0.019436700269579887,
        0.004788593854755163
    ],
    "oracle_method": "dexnet",
    "oracle_robust": true,
    "quality": [
        0.0005087194731459022
    ]
}