{
    "depth": [
        0.5825197100639343
    ],
    "im_center": [
        292.1640319824219,
        190.11981201171875
    ],
    "im_axis": [
        -0.7444799542427063,
        -0.6676447987556458
    ],
    "im_angle": [
        -2.4105520248413086
    ],
    "world_center": [
        -0.03033091500401497,
        0.017480313777923584,
        -0.05479035526514053
    ],
    "world_axis": [
        -0.7444799542427063,
        0.0,
        -0.6676447987556458
    ],
    "c0": [
        -0.024626225233078003,
        0.01716296561062336,
        -0.04967442899942398
    ],
    "c1": [
        -0.035945046693086624,
        0.01779262162744999,
        -0.059825073927640915
    ],
    "oracle_method": "dexnet",
    "oracle_robust": true,
    "quality": [
        0.0011991604696959257
    ]
}