{
    "depth": [
        0.5993445515632629
    ],
    "im_center": [
        347.2051696777344,
        267.3342590332031
    ],
    "im_axis": [
        0.9997851252555847,
        0.020727938041090965
    ],
    "im_angle": [
        0.02072942443192005
    ],
    "world_center": [
        0.03162845969200134,
        0.0006554677383974195,
        0.031775809824466705
    ],
    "world_axis": [
        0.9997851252555847,
        0.0,
        0.020727938041090965
    ],
    "c0": [
        0.01487069670110941,
        0.004635517485439777,
        0.03142838180065155
    ],
    "c1": [
        0.04811296612024307,
        -0.0032596776727586985,
        0.0321175754070282
    ],
    "oracle_method": "dexnet",
    "oracle_robust": true,
    "quality": [
        0.0008244970813393593
    ]
}