{
    "depth": [
        0.5734610557556152
    ],
    "im_center": [
        345.4701843261719,
        241.9626922607422
    ],
    "im_axis": [
        -0.995970606803894,
        0.08968042582273483
    ],
    "im_angle": [
        3.0517916679382324
    ],
    "world_center": [
        0.028367362916469574,
        0.026538938283920288,
        0.0026899962686002254
    ],
    "world_axis": [
        -0.995970606803894,
        0.0,
        0.08968042582273483
    ],
    "c0": [
        0.043095290660858154,
        0.024026282131671906,
        0.0013638462405651808
    ],
    "c1": [
        0.014729703776538372,
        0.028865598142147064,
        0.003917977679520845
    ],
    "oracle_method": "dexnet",
    "oracle_robust": true,
    "quality": [
        0.000609076174441725
    ]
}