{
    "depth": [
        0.6079997420310974
    ],
    "im_center": [
        288.23394775390625,
        187.5003204345703
    ],
    "im_axis": [
        0.5943416953086853,
        0.8042126297950745
    ],
    "im_angle": [
        0.934349536895752
    ],
    "world_center": [
        -0.036209046840667725,
        -0.007999727502465248,
        -0.06022057309746742
    ],
    "world_axis": [
        0.5943416953086853,
        0.0,
        0.8042126297950745
    ],
    "c0": [
        -0.04078691452741623,
        -0.0076280627399683,
        -0.06641495227813721
    ],
    "c1": [
        -0.031493768095970154,
        -0.00838254950940609,
        -0.053840264678001404
    ],
    "oracle_method": "dexnet",
    "oracle_robust": true,
    "quality": [
        0.0007438732427544892
    ]
}