{
    "depth": [
        0.5832813382148743
    ],
    "im_center": [
        338.42425537109375,
        255.78030395507812
    ],
    "im_axis": [
        -0.845949649810791,
        -0.5332626700401306
    ],
    "im_angle": [
        -2.5791399478912354
    ],
    "world_center": [
        0.021025056019425392,
        0.01671869307756424,
        0.0180875975638628
    ],
    "world_axis": [
        -0.845949649810791,
        0.0,
        -0.5332626700401306
    ],
    "c0": [
        0.026944296434521675,
        0.025717252865433693,
        0.021818920969963074
    ],
    "c1": [
        0.015088825486600399,
        0.007694314233958721,
        0.01434556394815445
    ],
    "oracle_method": "dexnet",
    "oracle_robust": true,
    "quality": [
        0.0027933483943343163
    ]
}